{
	"label": "Vices",
"mapping": {
        "description": "system.description"
 	   },

	"entries": [
		{
			"id": "Faith",
			"name": "Foi",
			"description":"- Révérende-Mère Narya, Maison de la Pleureuse, les Six Tours.\n- Ilacille, les ruines du Temple des Dieux Oubliés, Crête-Charbon.\n- Nelisanne, L’Église de l’Extase de la Chair, Pierre-Claire.\n- Lord Penderyn, les Archives des Échos, Charte-Halle."
		},
		{
			"id": "Gambling",
			"name": "Jeux d'argent",
			"description":"- Le Tripot de Spogg, Patte-de-Corbeau.\n- Grist, combats de boxe, les Docks.\n- Helene, le casino du Cerf d’Argent, Soie-Rivage.\n- Maître Vreen, courses de lévriers, Le Marché Nocturne.\n- Lady Dusk, Le Club du Manoir Dusk, Blanche-Couronne.\n- Le Sergent Velk, les arènes de combat, Gros-Bourbier."
		},
		{
			"id": "Luxury",
			"name": "Luxe",
			"description":"- Singer, les bains, Patte-de-Corbeau.\n- Harvale Brogan, le Club Centuralia, Pierre-Claire.\n- Le Fumoir de Traven, Crête-Charbon.\n- Dunridge & Fils tissus raffinés et tailleur, Le Marché Nocturne.\n- Chef Roselle, restaurant la Prune Dorée, les Six Tours.\n- Maestro Helleren, le Théâtre de Flèchejardin, Blanche-Couronne."
		},
		{
			"id": "Obligation",
			"name": "Devoir",
			"description":"- Parents (origines) ou anciens collègues (antécédents).\n- Hutton, Réfugiés Skovlans / Révolutionnaires, Val-Roussi.\n- Le Cercle de Flammes, une société secrète."
		},
		{
			"id": "Pleasure",
			"name": "Plaisirs",
			"description":"- Singer, les bains, Patte-de-Corbeau.\n- Harvale Brogan, le Club Centuralia, Pierre-Claire.\n- Le Fumoir de Traven, Crête-Charbon.\n- Dunridge & Fils tissus raffinés et tailleur, Le Marché Nocturne.\n- Chef Roselle, restaurant la Prune Dorée, les Six Tours.\n- Maestro Helleren, le Théâtre de Flèchejardin, Blanche-Couronne.\n- Mardin Gull, la taverne du Seau Troué, Patte-de-Corbeau.\n- Pux Bolin, la taverne du Singe Harpiste, Le Marché Nocturne. \n- Helene, le casino du Cerf d’Argent, Soie- Rivage.\n- Lady Freyla, le bar du Tonneau de l’Empereur, Blanche-Courronne.\n- Avrick, vendeur de poudre, Tertre- Fendu.\n- Rolan Volaris, club social du Voile, Le Marché Nocturne.\n- Madame Tesslyn, bordel de la Lanterne Rouge, Soie-Rivage.  Le Fumoir de Traven, Crête-Charbon. \n- Eldrin Prichard, la barge des plaisirs du Cygne d’Argent, les canaux de Pierre- Claire.\n- Jewel, Bird, et Shine, la ruelle des Chatières, les Docks."
		},
		{
			"id": "Stupor",
			"name": "Stupeur",
			"description":"- Mardin Gull, la taverne du Seau Troué, Patte-de-Corbeau.\n- Pux Bolin, la taverne du Singe Harpiste, Le Marché Nocturne.\n- Helene, le casino du Cerf d’Argent, Soie- Rivage.\n- Lady Freyla, le bar du Tonneau de l’Empereur, Blanche-Courronne.\n- Avrick, vendeur de poudre, Tertre- Fendu.\n- Rolan Volaris, club social du Voile, Le Marché Nocturne.\n- Madame Tesslyn, bordel de la Lanterne Rouge, Soie-Rivage.  Le Fumoir de Traven, Crête-Charbon.\n- Eldrin Prichard, la barge des plaisirs du Cygne d’Argent, les canaux de Pierre- Claire.\n- Jewel, Bird, et Shine, la ruelle des Chatières, les Docks."
		},
		{
			"id": "Weird",
			"name": "Etrange",
			"description":"- Le propriétaire encapuchonné de la taverne de la grotte, près des docks. Là où d’étranges passages mènent à des salles plus étranges encore.\n- Le Père Yoren, la Maison de la Pleureuse, les Six Tours.\n- “Salia,” un esprit des Réconciliés, qui passe d’un corps à l’autre à sa convenance.\n- La Soeur Thorn, du gang des charognards des terres mortes, la Station Gaddoc.\n- Ojak, un vendeur des toits Tycherosi, Soie-Rivage.\n- Aranna la Bénie, cultiste d’un Dieu Oublié, sa barge est amarrée au Marché Nocturne."
		}
	]
}
