{
	"label": "Livrets",
        "mapping": {
        "description": "system.description",
	"experience_clues": "system.experience_clues"
    },

	"entries": [
		{
			"id": "Cutter",
			"name": "Ecorcheur",
			"description" : "Un combattant aussi redoutable qu’intimidant",
			"experience_clues": "- Vous relevez un défi en utilisant la force ou la violence."
			
		},
		{
			"id": "Ghost",
			"name": "Fantôme",
			"description" : "Un esprit désincarné en quête de vengeance",
			"experience_clues": "- vous abattez votre vengeance sur ceux qui vous ont trahi, vous exprimez votre outrage ou votre colère et enfin, vous réglez vos comptes avec vos origines ou vos antécédents."
			
		},
		{
			"id": "Hound",
			"name": "Limier",
			"description" : "Un pisteur et tireur d’élite d’une précision mortelle",
			"experience_clues": "- Vous relevez un défi en utilisant le pistage ou la violence."
			
		},
		{
			"id": "Hull",
			"name": "Coquille",
			"description" : "Un esprit qui anime une enveloppe à étincelles",
			"experience_clues": "- Vous assurez vos fonctions en dépit de la difficulté ou du danger, vous refoulez ou ignorez vos anciennes qualités humaines."
			
		},
		{
			"id": "Leech",
			"name": "Sangsue",
			"description" : "Un saboteur et technicien",
			"experience_clues": "- Vous relevez un défi en faisant appel à des compétences techniques ou en semant le chaos."
			
		},
		{
			"id": "Lurk",
			"name": "Guetteur",
			"description" : "Un spécialiste de l’infiltration et du cambriolage",
			"experience_clues": "- Vous relevez un défi en usant de discrétion ou en vous échappant."
			
		},
		{
			"id": "Slide",
			"name": "Arlequin",
			"description" : "Un subtil espion et manipulateur",
			"experience_clues": "- Vous relevez un défi par la tromperie ou l’influence."
			
		},
		{
			"id": "Spider",
			"name": "Araignée",
			"description" : "Un génie du crime retors",
			"experience_clues": "- Vous relevez un défi en développant des machinations ou des complots."
			
		},
		{
			"id": "Vampire",
			"name": "Vampire",
			"description" : "Un esprit qui anime un corps mort-vivant",
			"experience_clues": "- vvous faites la démonstration de votre supériorité vous massacrez une cible sans témoigner la moindre pitié."
			
		},
		{
			"id": "Whisper",
			"name": "Haruspice",
			"description" : "Un adepte ésotérique et conjureur",
			"experience_clues": "- Vous relevez un défi en vous appuyant sur la connaissance et les savoirs ésotériques."
			
		}
	]
}
