{
  "BITD.HelloThere": "General Kenobi",
  "BITD.Heritage": "Origine",
  "BITD.Background": "Antécédents",
  "BITD.TitleDeleteItem": "Effacer objet",
  "BITD.Vice": "Vice",
  "BITD.Class": "Livret",
  "BITD.Stress": "Stress",
  "BITD.Alias": "Surnom",
  "BITD.Designation": "Designation",
  "BITD.Look": "Colors/Look",
  "BITD.System": "Système",
  "BITD.Systems": "Systèmes",
  "BITD.Planet": "Planète",
  "BITD.Planets": "Planètes",
  "BITD.Faction": "Faction",
  "BITD.Factions": "Factions actives",
  "BITD.Notables": "Notable Locations",
  "BITD.NotableNPCs": "PNJs",
  "BITD.Scene": "Scène",
  "BITD.Rule": "Règle",
  "BITD.Stats": "Stats",
  "BITD.Goal": "But",
  "BITD.Assets": "Atouts notables",
  "BITD.Quirks": "Particularités",
  "BITD.Situation": "Situation",
  "BITD.Update": "Update",
  "BITD.Warning": "Be aware, this will clear all Heat/Wanted",
  "BITD.Status": "Status",
  "BITD.Jobs": "Contrats",
  "BITD.Allies": "Alliés",
  "BITD.Friends": "Amis",
  "BITD.Associates": "Associés",
  "BITD.Neutral": "Neutre",
  "BITD.Adversaries": "Adversaires",
  "BITD.Enemies": "Ennemis",
  "BITD.AtWar": "En guerre !",
  "BITD.Trauma": "Trauma",
  "BITD.TraumaCold": "Insensible",
  "BITD.TraumaHaunted": "Hanté",
  "BITD.TraumaObsessed": "Obsédé",
  "BITD.TraumaParanoid": "Parano",
  "BITD.TraumaReckless": "Imprudent",
  "BITD.TraumaSoft": "Tendre",
  "BITD.TraumaUnstable": "Instable",
  "BITD.TraumaVicious": "Vicieux",
  "BITD.Harm": "Blessures",
  "BITD.Healing": "Soins",
  "BITD.Armor": "Armure",
  "BITD.NeedHelp": "Besoin d'aide",
  "BITD.Light": "Léger",
  "BITD.Normal": "Normal",
  "BITD.Heavy": "Lourde",
  "BITD.Special": "Spéciale",
  "BITD.LessEffect": "Effet Réduit",
  "BITD.Description": "Description",
  "BITD.Loadout": "Charge",
  "BITD.CrewType": "Type de bande",
  "BITD.FactionType": "Type de la faction",
  "BITD.Price": "Prix",
  "BITD.Logic": "Logique",
  "BITD.ExpClues": "Exp Clues",
  "BITD.AbilityPrice": "prix de Capacité",
  "BITD.AbilityClass": "Capacité de livret",
  "BITD.Information": "Information",
  "BITD.CohortType": "Type de Cohorte",
  "BITD.GangType": "Type de Gang",
  "BITD.ExpertType": "Type d'Expert",
  "BITD.ScaleAndQuality": "Echelle et Qualité",
  "BITD.ChooseOneOrTwoEdges": "Choississez un ou deux avantages et autant de défauts",
  "BITD.Edges": "Avantages",
  "BITD.Flaws": "Défauts",
  "BITD.Scale": "Echelle",
  "BITD.Quality": "Qualité",
  "BITD.AddAdditionalTypeOfGangText": "Vous pouvez ajouter un <br>type supplémentaire<br> à un gang ou à un expert en dépensant deux améliorations. Une cohorte peut avoir jusqu’à deux types. Lorsqu’une cohorte effectue une action pour laquelle un de ses types s’applique, elle utilise sa valeur de qualité non-modifiée. Autrement, sa qualité est égale à zéro..",
  "BITD.ClassExpClue1": "quand vous faites un jet d’action en position désespérée. vous gagnez 1 px dans la caractéristique de l’action utilisée.",
  "BITD.ClassExpClue2": "Vous exprimez vos croyances, pulsions, origine ou antécédents.",
  "BITD.ClassExpClue3": "Vous vous débattez avec vos vices ou vos traumatismes.",
  "BITD.ClassExpClueDescription": "À la fin de la session de jeu, passez en revue les conditions pour gagner de l’expérience sur sa feuille de personnage. Pour chacune, gagnez 1 px si la condition s’est réalisée, voire 2 px si cela s’est produit plusieurs fois durant la session.",
  "BITD.Turf": "Territoire",
  "BITD.Turfs": "Territoires",
  "BITD.Lair": "Repaire",
  "BITD.Coin": "Argent",
  "BITD.Coins": "Argents",
  "BITD.Stash": "Magot",
  "BITD.CrewReputation": "Reputation de la bande",
  "BITD.CrewUpgrades": "Améliorations de Bande",
  "BITD.Hold": "Assise",
  "BITD.Weak": "Fragile",
  "BITD.Strong": "Stable",
  "BITD.Tier": "Rang",
  "BITD.Rep": "Rep",
  "BITD.Vault": "Chambre-forte",
  "BITD.Heat": "Raffut",
  "BITD.Wanted": "Recherche",
  "BITD.Abilities": "Capacités",
  "BITD.Upgrades": "Améliorations",
  "BITD.Cohorts": "Cohortes",
  "BITD.Notes": "Notes",
  "BITD.AllItems": "Tous les Objets",
  "BITD.CrewXP": "EXP",
  "BITD.CrewExpClue1": "A la fin de chaque session, vous gagnez 1 point d'expérience pour chaque élément de l&a liste ci-dessous étant survenu (voire 2 px si un élément s'est produit plusieurs fois durant la même session).",
  "BITD.SpecialAbilities": "Capacités spéciales",

  "BITD.Gang": "Gang",
  "BITD.Expert": "Expert",
  "BITD.GangTypeAdepts": "Spécialistes",
  "BITD.GangTypeAdeptsDescription": "érudits, techniciens, occultistes ou chimistes.",
  "BITD.GangTypeRooks": "Magouilleurs",
  "BITD.GangTypeRooksDescription": "Escrocs, espions ou mondains.",
  "BITD.GangTypeRovers": "Nomades",
  "BITD.GangTypeRoversDescription": "marins, charretiers ou vagabonds des terres mortes.",
  "BITD.GangTypeSkulks": "Fuureteurs",
  "BITD.GangTypeSkulksDescription": "éclaireurs, infiltrés ou voleurs.",
  "BITD.GangTypeThugs": "Gros bras",
  "BITD.GangTypeThugsDescription": "tueurs, brutes ou manoeuvres.",

  "BITD.EdgesFearsome": "Terrifiante",
  "BITD.EdgesFearsomeDescription": "la cohorte est terrifiante par son aspect et sa réputation.",
  "BITD.EdgesIndependent": "Independante",
  "BITD.EdgesIndependentDescription": "il est possible de faire confiance à la cohorte pour prendre de bonnes décisions et agir de sa propre initiative en l’absence d’ordres explicites.",
  "BITD.EdgesLoyal": "Loyale",
  "BITD.EdgesLoyalDescription": "la cohorte ne peut pas être soudoyée ou retournée contre la bande.",
  "BITD.EdgesTenacious": "Tenace",
  "BITD.EdgesTenaciousDescription": "The cohort won’t be deterred from a task.",

  "BITD.FlawsPrincipled": "Principled",
  "BITD.FlawsPrincipledDescription": "cohorte ne peut pas être détournée d’une tâche.",
  "BITD.FlawsSavage": "Féroce",
  "BITD.FlawsSavageDescription": "la cohorte est excessivement violente et cruelle.",
  "BITD.FlawsUnreliable": "Peu fiable",
  "BITD.FlawsUnreliableDescription": "la cohorte n’est pas toujours disponible, qu’elle ait d’autres devoirs ou qu’elle s’adonne à son vice.",
  "BITD.FlawsWild": "Fougueuse",
  "BITD.FlawsWildDescription": "la cohorte est ivre, débauchée et braillarde.",

  "BITD.HarmNoHarm": "Indemne",
  "BITD.HarmNoHarmDescription": "La cohorte est indemne.",
  "BITD.HarmWeakened": "Affaiblie",
  "BITD.HarmWeakenedDescription": "L’effet des actions de la cohorte est réduit.",
  "BITD.HarmImpaired": "Handicapée",
  "BITD.HarmImpairedDescription": "La qualité de la cohorte est réduite d’un dé (-1d).",
  "BITD.HarmBroken": "Brisée",
  "BITD.HarmBrokenDescription": "La cohorte ne peut rien faire jusqu’à ce qu’elle se rétablisse.",
  "BITD.HarmDead": "Détruite",
  "BITD.HarmDeadDescription": "La cohorte a été éradiquée.Si une cohorte est détruite, elle peut être remplacée. Il suffit de dépenser une somme d’argent égale au rang+2 de la bande pour la remettre sur pied, plus deux activités de temps mort pour recruter de nouveaux membres de gang ou embaucher un nouvel expert.",

  "BITD.Roll": "Lancer",
  "BITD.RollFailure": "Echec",
  "BITD.RollCriticalSuccess": "Réussite critique!",
  "BITD.RollSuccess": "Réussite",
  "BITD.RollPartialSuccess": "Réussite partielle",
  "BITD.RollSomeDice": "Lancez les dés!",
  "BITD.RollTokenDescription": "Pour récupérer des informations depuis un personnage, sélectionnez d'abord son token.",
  "BITD.RollNumberOfDice": "Nombre de dés",
  "BITD.RollDoWithIncreasedEffect": "vous réussissez et bénéficiez même d’un <strong>effet accru</strong>.",
  "BITD.RollDo": "Vous réussissez à faire ce que vous voulez.",
  "BITD.RollPartialSuccessPositionControlled": "vous hésitez. Vous pouvez soit battre en retraite puis tenter une approche différente, soit persévérer mais en subissant une conséquence mineure – une <strong>complication</strong> mineure se produit, vous n’obtenez qu’un <strong>effet réduit</strong>, vous subissez une blessure mineure ou vous vous retrouvez dans une position <strong>risquée</strong>.",
  "BITD.RollPartialSuccessPositionRisky": "vous réussissez mais vous subissez une conséquence – une complication se produit, vous n’obtenez qu’un <strong>effet réduit</strong>, vous subissez une <strong>blessure</strong> ou vous vous retrouvez dans une position <strong>désespérée</strong>.",
  "BITD.RollPartialSuccessPosition": "vous réussissez mais vous subissez une conséquence – une <strong>sérieuse complication</strong> se produit, vous n’obtenez qu’un <strong>effet réduit</strong> ou vous subissez une <strong>blessure grave</strong>.",
  "BITD.RollFailurePositionControlled": "vous échouez. Vous pouvez soit persévérer en saisissant une opportunité <strong>risquée</strong>, soit battre en retraite et essayer une approche différente.",
  "BITD.RollFailurePositionRisky": "les choses tournent mal. Vous subissez <strong>une blessure</strong>, une <strong>complication</strong> se produit, vous vous retrouvez dans une position <strong>désespérée</strong> ou vous <strong>perdez cette opportunité</strong>.",
  "BITD.RollFailurePositionDesperate": "le pire se produit. Vous subissez une <strong>blessure grave</strong>, une <strong>sérieuse complication</strong> se produit ou vous <strong>perdez cette opportunité</strong>.",
  "BITD.RollResistance": "Vous <strong>réduisez</strong> ou <strong>évitez</strong> (au choix du MJ) les effets de la conséquence.<br/>Gagnez <strong>{stress} stress</strong>.",
  "BITD.RollResistanceCritical": "Vous <strong>réduisez</strong> ou <strong>évitez</strong> (au choix du MJ) les effets de la conséquence.<br/>Effacez <strong>1 stress</strong>.",

  "BITD.PositionControlled": "Controllée",
  "BITD.PositionRisky": "Risquée",
  "BITD.PositionDesperate": "Déséspérée",
  "BITD.EffectLimited": "Limité",
  "BITD.EffectStandard": "Normal",
  "BITD.EffectGreat": "Important",

  "BITD.SkillsInsight": "Perspicacité",
  "BITD.SkillsInsightShort": "Perspi.",
  "BITD.SkillsHunt": "Traquer",
  "BITD.SkillsStudy": "Etudier",
  "BITD.SkillsSurvey": "Surveiller",
  "BITD.SkillsTinker": "Bricoler",

  "BITD.SkillsProwess": "Prouesse",
  "BITD.SkillsProwessShort": "Proues.",
  "BITD.SkillsFinesse": "Manoeuvrer",
  "BITD.SkillsProwl": "Rôder",
  "BITD.SkillsSkirmish": "Combattre",
  "BITD.SkillsWreck": "Démolir",

  "BITD.SkillsResolve": "Détermination",
  "BITD.SkillsResolveShort": "Détermi.",
  "BITD.SkillsAttune": "Communier",
  "BITD.SkillsCommand": "Commander",
  "BITD.SkillsConsort": "Côtoyer",
  "BITD.SkillsSway": "Influencer",

  "BITD.AddAbility": "Ajouter une capacité",
  "BITD.AddItem": "Add Item",

  "BITD.Position": "Position",
  "BITD.Effect": "Effet",
  "BITD.Modifier": "Modificateur",

  "BITD.Encumbered": "encumbered",
  "BITD.OverMax": "over max",

  "BITD.Drain": "Epuisement",
  "BITD.Wear": "Usure",
  "BITD.Gloom": "Morosité",

  "BITD.Add": "Add",
  "BITD.Effects": "Effets",
  "BITD.EffectCreate": "Create Effect",
  "BITD.EffectToggle": "Toggle Effect",
  "BITD.EffectEdit": "Edit Effect",
  "BITD.EffectDelete": "Delete Effect",
  "BITD.EffectWarning": "Managing Active Effects within an Owned Item is not currently supported by FoundryVTT and will be added in a subsequent update.",

  "BITD.Name": "Nom",
  "BITD.CampaignName": "Nom de la campagne"
}
