{
	"label": "Bandes",
	"mapping": {
    "description": "system.description",
	"experience_clues": "system.experience_clues",
	"terrname1": "system.turfs.1.name",
	"terrdesc1": "system.turfs.1.description",
	"terrname2": "system.turfs.2.name",
	"terrdesc2": "system.turfs.2.description",
	"terrname3": "system.turfs.3.name",
	"terrdesc3": "system.turfs.3.description",
	"terrname4": "system.turfs.4.name",
	"terrdesc4": "system.turfs.4.description",
	"terrname5": "system.turfs.5.name",
	"terrdesc5": "system.turfs.5.description",
	"terrname6": "system.turfs.6.name",
	"terrdesc6": "system.turfs.6.description",
	"terrname7": "system.turfs.7.name",
	"terrdesc7": "system.turfs.7.description",
	"terrname8": "system.turfs.8.name",
	"terrdesc8": "system.turfs.8.description",
	"terrname9": "system.turfs.9.name",
	"terrdesc9": "system.turfs.9.description",
	"terrname10": "system.turfs.10.name",
	"terrdesc10": "system.turfs.10.description",
	"terrname11": "system.turfs.11.name",
	"terrdesc11": "system.turfs.11.description",
	"terrname12": "system.turfs.12.name",
	"terrdesc12": "system.turfs.12.description",
	"terrname13": "system.turfs.13.name",
	"terrdesc13": "system.turfs.13.description",
	"terrname14": "system.turfs.14.name",
	"terrdesc14": "system.turfs.14.description",
	"terrname15": "system.turfs.15.name",
	"terrdesc15": "system.turfs.15.description"
    },

	"entries": [
		{
			"id": "Assassins",
			"name": "Assassins",
			"description": "Tueurs à gages",
			"experience_clues": "- Exécuter avec succès un accident, une disparition, un meurtre ou une demande de rançon.\n - faire face à des défis qui la dépassent.\n - renforcer sa réputation ou en développer une nouvelle.\n - exprimer les objectifs, les motivations, les conflits internes ou la nature première de la bande.",
			"terrname1": "Salle d'entraînement",
			"terrdesc1": "+1 echelle pour les cohortes de Fureteurs",
			"terrname2": "Tripot",
			"terrdesc2": "Jet de rang - Raffut = Argent durant le temps mort",
			"terrname3": "Intermédiaires",
			"terrdesc3": "+2 Argent en récompense des coups impliquant des clients de classe populaire",
			"terrname4": "Informateurs",
			"terrdesc4": "+1d pour recueillir des informations sur un coup",
			"terrname5": "Ferme de myxine",
			"terrdesc5": "Se débarasser des corps\n +1d pour réduire le raffut après un meurtre",
			"terrname6": "Trophée de victimes",
			"terrdesc6": "+1 Renom par coup",
			"terrname10": "Couverture",
			"terrdesc10": "-2 raffut par coup",
			"terrname11": "Racket",
			"terrdesc11": "Jet de rang - Raffut = Argent durant le temps mort",
			"terrname12": "Infirmerie",
			"terrdesc12": "+1d sur vos jets de guérison",
			"terrname13": "Emissaires",
			"terrdesc13": "+2 Argent en récompense des coups impliquant des clients fortunés",
			"terrname14": "Fausses identités",
			"terrdesc14": "+1d d’engagement pour la tromperie et les plans sociaux",
			"terrname15": "Archives de la ville",
			"terrdesc15": "+1d d’engagement pour les plans furtif"
		},
		{
			"id": "Bravos",
			"name": "Bravos",
			"description": "Mercenaires et gros bras",
			"experience_clues": "- vous menez à bien une bataille rangée, une extorsion, un sabotage ou un braquage.\n - faire face à des défis qui la dépassent.\n - renforcer sa réputation ou en développer une nouvelle \n - exprimer les objectifs, les motivations, les conflits internes ou la nature première de la bande.",
			"terrname1": "",
			"terrdesc1": "+1 echelle pour les cohortes de Gros-bras",
			"terrname3": "Citoyens terrorisés",
			"terrdesc3": "+2 Argent en récompense des coups impliquant une bataille ou de l'extorsion",
			"terrname4": "Informateurs",
			"terrdesc4": "+1d pour recueillir des informations sur un coup",
			"terrname5": "Racket",
			"terrdesc5": "Jet de rang - Raffut = Argent durant le temps mort",
			"terrname6": "Arène de combat",
			"terrdesc6": "Jet de rang - Raffut = Argent durant le temps mort",
			"terrname11": "Infirmerie",
			"terrdesc11": "+1d sur vos jets de guérison",
			"terrname12": "Intimidation des manteaux bleus",
			"terrdesc12": "-2 raffut par coup",
			"terrname13": "Fourgue",
			"terrdesc13": "+2 Argent en récompense des coups impliquant des clients de classe populaire",
			"terrname14": "Entrepôts",
			"terrdesc14": "+1d sur vos jets d’acquisition",
			"terrname15": "Manteaux bleus confédérés",
			"terrdesc15": "+1d d’engagement pour planifier une attaque"
		},
		{
			"id": "Cult",
			"name": "Cultistes",
			"description": "Les acolytes d’un dieu oublié",
			"experience_clues": "- vous faites progresser l’agenda de votre divinité ou vous incarnez ses préceptes de par vos actions\n - faire face à des défis qui la dépassent.\n - renforcer sa réputation ou en développer une nouvelle.\n - exprimer les objectifs, les motivations, les conflits internes ou la nature première de la bande.",
			"terrname1": "CLoître",
			"terrdesc1": "+1 echelle pour les cohortes d'Adeptes",
			"terrname2": "Tripot",
			"terrdesc2": "Jet de rang - Raffut = Argent durant le temps mort",
			"terrname3": "Lieu d'offrandes",
			"terrdesc3": "+2 Argent en récompense des coups impliquant des opérations occultes",
			"terrname4": "Obélique antique",
			"terrdesc4": "-1 stress pour les pouvoirs ésotériques et les rituels",
			"terrname5": "Ancienne tour",
			"terrdesc5": "+1d pour Côtoyer les entités ésotériques sur ce site",
			"terrname11": "Puit Spirite",
			"terrdesc11": "+1d pour Communier sur ce site.",
			"terrname12": "Portail antique",
			"terrdesc12": "Permet d’accéder aux terres mortes",
			"terrname13": "Sanctuaire",
			"terrdesc13": "+1d pour Commander et Influencer sur ce site.",
			"terrname14": "Nexus sacré",
			"terrdesc14": "+1d sur vos jets de guérison",
			"terrname15": "Ancien autel",
			"terrdesc15": "+1d d’engagement pour les plans occultes"
		},
		{
			"id": "Hawkers",
			"name": "Colporteurs",
			"description": "Des marchands de vice",
			"experience_clues": "- vous sécurisez une nouvelle source d’approvisionnement, vous exécutez des ventes clandestines ou dissimulées ou vous vous emparez de nouveaux territoires de vente.\n - faire face à des défis qui la dépassent.\n - renforcer sa réputation ou en développer une nouvelle.\n - exprimer les objectifs, les motivations, les conflits internes ou la nature première de la bande.",
			"terrname2": "Tailleur",
			"terrdesc2": "+1d d’engagement pour les plans sociaux",
			"terrname3": "Commerce sous protection",
			"terrdesc3": "+2 Argent en récompense des coups impliquant une démonstration de force ou des mondanités",
			"terrname4": "Poste d'observation",
			"terrdesc4": "+1d pour traquer ou surveiller sur votre territoire.",
			"terrname5": "Informateurs",
			"terrdesc5": "+1d pour recueillir des informations sur un coup",
			"terrname10": "Endroit luxueux",
			"terrdesc10": "+1d pour Côtoyer et Influencer sur ce site",
			"terrname11": "Marché étranger",
			"terrdesc11": "Jet de rang - Raffut = Argent durant le temps mort",
			"terrname12": "Tripot",
			"terrdesc12": "Jet de rang - Raffut = Argent durant le temps mort",
			"terrname13": "Dépôt de vente",
			"terrdesc13": "+2 Argent en récompense des coups impliquant la vente ou la fourniture de produit",
			"terrname14": "Couverture",
			"terrdesc14": "-2 raffut par coup",
			"terrname15": "Fausses identités",
			"terrdesc15": "+1d d’engagement pour la tromperie et les plans sociaux"
		},
		{
			"id": "Shadows",
			"name": "Ombres",
			"description": "Des voleurs et des espions",
			"experience_clues": "- vous effectuez des cambriolages, de l’espionnage, des vols ou des opérations de sabotage.\n - faire face à des défis qui la dépassent.\n - renforcer sa réputation ou en développer une nouvelle.\n - exprimer les objectifs, les motivations, les conflits internes ou la nature première de la bande.",
			"terrname1": "Salle d'interrogatoire",
			"terrdesc1": "+1d pour Commander et Influencer sur ce site",
			"terrname3": "Receleur dévoué",
			"terrdesc3": "+2 Argent en récompense des coups impliquant un cambriolage ou un vol",
			"terrname4": "Tripot",
			"terrdesc4": "Jet de rang - Raffut = Argent durant le temps mort",
			"terrname5": "Taverne",
			"terrdesc5": "+1d pour Côtoyer et Influencer sur ce site",
			"terrname6": "Antre de drogués",
			"terrdesc6": "Jet de rang - Raffut = Argent durant le temps mort",
			"terrname7": "Informateurs",
			"terrdesc7": "+1d pour recueillir des informations sur un coup",
			"terrname10": "Poste d'observation",
			"terrdesc10": "+1d pour traquer ou surveiller sur votre territoire.",
			"terrname11": "Ferme de myxine",
			"terrdesc11": "Se débarasser des corps\n +1d pour réduire le raffut après un meurtre",
			"terrname12": "Infirmerie",
			"terrdesc11": "+1d sur vos jets de guérison",
			"terrname13": "Point de livraison secrète",
			"terrdesc13": "+2 Argent en récompense des coups impliquant de l'espionnage ou du sabotage",
			"terrname15": "Passage secret",
			"terrdesc15": "+1d d’engagement pour les plans furtifs"
		},
		{
			"id": "Smugglers",
			"name": "Contrebandiers",
			"description": "Des transporteurs de contrebande",
			"experience_clues": " - vous effectuez des opérations de contrebandes, gagnez de nouveaux clients ou sécurisez de nouvelles sources d’approvisionnement.\n - faire face à des défis qui la dépassent.\n - renforcer sa réputation ou en développer une nouvelle.\n - exprimer les objectifs, les motivations, les conflits internes ou la nature première de la bande.",
			"terrname2": "Activité secondaire",
			"terrdesc2": "Jet de rang - Raffut = Argent durant le temps mort",
			"terrname3": "Receleur de luxe",
			"terrdesc3": "+2 Argent en récompense des coups impliquant des cibles fortunées",
			"terrname4": "Antre du vice",
			"terrdesc4": "Jet de rang - Raffut = Argent durant le temps mort",
			"terrname5": "Taverne",
			"terrdesc5": "+1d pour Côtoyer et Influencer sur ce site",
			"terrname6": "Portail antique",
			"terrdesc6": "Permet d’accéder aux terres mortes",
			"terrname11": "Routes secrètes",
			"terrdesc11": "+1d d’engagement pour les plans de transport",
			"terrname12": "Informateurs",
			"terrdesc12": "+1d pour recueillir des informations sur un coup",
			"terrname13": "Flotte",
			"terrdesc13": "Vos cohortes possèdent leurs propres véhicules.",
			"terrname14": "Couverture",
			"terrdesc14": "-2 raffut par coup",
			"terrname15": "Entrepôts",
			"terrdesc15": "+1d sur vos jets d’acquisition"
		}
	]
}